,Model,Accuracy
0,SVM,0.9788
1,SVM with PCA,0.935672514619883
2,Logistic Regression,0.9473684210526315
3,Logistic Regression+PCA,0.935672514619883
4,Naive Bayes,0.8362573099415205
5,Decision Tree,0.9239766081871345
6,Decision Tree+PCA,0.8947368421052632
7,Random Forest Classifier,0.9473684210526315
8,Adaboost Classifier,0.9707602339181286
